,Team,Number,Position,Birthdate,College,Draft Info
Ben DiNucci,Denver Broncos,#11,Quarterback,11/24/1996 (26),James Madison,"2020: Rd 7, Pk 231 (DAL)"
Jarrett Stidham,Denver Broncos,#4,Quarterback,8/8/1996 (27),Auburn,"2019: Rd 4, Pk 133 (NE)"
Russell Wilson,Denver Broncos,#3,Quarterback,11/29/1988 (34),Wisconsin,"2012: Rd 3, Pk 75 (SEA)"
Tyler Badie,Denver Broncos,#36,Running Back,2/7/2000 (23),Missouri,"2022: Rd 6, Pk 196 (BAL)"
Jaleel McLaughlin,Denver Broncos,#38,Running Back,9/13/2000 (23),Youngstown St,Not Available
Samaje Perine,Denver Broncos,#25,Running Back,9/16/1995 (28),Oklahoma,"2017: Rd 4, Pk 114 (WSH)"
Dwayne Washington,Denver Broncos,#39,Running Back,4/24/1994 (29),Washington,"2016: Rd 7, Pk 236 (DET)"
Javonte Williams,Denver Broncos,#33,Running Back,4/25/2000 (23),North Carolina,"2021: Rd 2, Pk 35 (DEN)"
Michael Burton,Denver Broncos,#20,Fullback,2/1/1992 (31),Rutgers,"2015: Rd 5, Pk 168 (DET)"
Michael Bandy,Denver Broncos,#83,Wide Receiver,12/5/1997 (25),San Diego,Not Available
Phillip Dorsett,Denver Broncos,#13,Wide Receiver,1/5/1993 (30),Miami,"2015: Rd 1, Pk 29 (IND)"
Lil'Jordan Humphrey,Denver Broncos,#17,Wide Receiver,4/19/1998 (25),Texas,Not Available
Jerry Jeudy,Denver Broncos,#10,Wide Receiver,4/24/1999 (24),Alabama,"2020: Rd 1, Pk 15 (DEN)"
Brandon Johnson,Denver Broncos,#89,Wide Receiver,7/26/1998 (25),UCF,Not Available
Marvin Mims Jr.,Denver Broncos,#19,Wide Receiver,3/19/2002 (21),Oklahoma,"2023: Rd 2, Pk 63 (DEN)"
Tim Patrick,Denver Broncos,#81,Wide Receiver,11/23/1993 (29),Utah,Not Available
David Sills V,Denver Broncos,#87,Wide Receiver,5/29/1996 (27),West Virginia,Not Available
Tre'Quan Smith,Denver Broncos,#81,Wide Receiver,1/7/1996 (27),UCF,"2018: Rd 3, Pk 91 (NO)"
Courtland Sutton,Denver Broncos,#14,Wide Receiver,10/10/1995 (28),SMU,"2018: Rd 2, Pk 40 (DEN)"
Jalen Virgil,Denver Broncos,#15,Wide Receiver,7/13/1998 (25),Appalachian St,Not Available
Nate Adkins,Denver Broncos,#45,Tight End,7/9/1999 (24),South Carolina,Not Available
Greg Dulcich,Denver Broncos,#80,Tight End,3/26/2000 (23),UCLA,"2022: Rd 3, Pk 80 (DEN)"
Lucas Krull,Denver Broncos,#85,Tight End,7/11/1998 (25),Pitt,Not Available
Chris Manhertz,Denver Broncos,#84,Tight End,4/10/1992 (31),Overview,Not Available
Adam Trautman,Denver Broncos,#82,Tight End,2/5/1997 (26),Dayton,"2020: Rd 3, Pk 105 (NO)"
Lloyd Cushenberry,Denver Broncos,#79,Center,11/22/1997 (25),LSU,"2020: Rd 3, Pk 83 (DEN)"
Alex Forsyth,Denver Broncos,#76,Center,2/13/1999 (24),Oregon,"2023: Rd 7, Pk 257 (DEN)"
Luke Wattenberg,Denver Broncos,#60,Center,9/10/1997 (26),Washington,"2022: Rd 5, Pk 171 (DEN)"
Quinn Meinerz,Denver Broncos,#77,Guard,11/15/1998 (24),Overview,"2021: Rd 3, Pk 98 (DEN)"
Ben Powers,Denver Broncos,#74,Guard,10/29/1996 (26),Oklahoma,"2019: Rd 4, Pk 123 (BAL)"
Quinn Bailey,Denver Broncos,#75,Offensive Tackle,10/18/1995 (28),Arizona St,Not Available
Garett Bolles,Denver Broncos,#72,Offensive Tackle,5/27/1992 (31),Utah,"2017: Rd 1, Pk 20 (DEN)"
Cam Fleming,Denver Broncos,#73,Offensive Tackle,9/3/1993 (30),Stanford,"2014: Rd 4, Pk 140 (NE)"
Demontrey Jacobs,Denver Broncos,#71,Offensive Tackle,11/22/1998 (24),South Florida,Not Available
Mike McGlinchey,Denver Broncos,#69,Offensive Tackle,1/12/1995 (28),Notre Dame,"2018: Rd 1, Pk 9 (SF)"
Alex Palczewski,Denver Broncos,#63,Offensive Tackle,8/3/1999 (24),Illinois,Not Available
Will Sherman,Denver Broncos,#78,Offensive Tackle,5/27/1999 (24),Colorado,"2021: Rd 6, Pk 197 (NE)"
Zach Allen,Denver Broncos,#99,Defensive End,8/20/1997 (26),Boston College,"2019: Rd 3, Pk 65 (ARI)"
Matt Henningsen,Denver Broncos,#91,Defensive End,7/9/1999 (24),Wisconsin,"2022: Rd 6, Pk 206 (DEN)"
Ronnie Perkins,Denver Broncos,#51,Defensive End,9/29/1999 (24),Oklahoma,"2021: Rd 3, Pk 96 (NE)"
Keondre Coburn,Denver Broncos,Defensive Tackle,"HT/WT6' 2"", 332 lbs",5/23/2000 (23),Texas,"2023: Rd 6, Pk 194 (KC)"
Elijah Garcia,Denver Broncos,#95,Defensive Tackle,3/11/1998 (25),Rice,Not Available
Jonathan Harris,Denver Broncos,#92,Defensive Tackle,8/4/1996 (27),Lindenwood,Not Available
Jordan Jackson,Denver Broncos,#90,Defensive Tackle,1/30/1998 (25),Air Force,"2022: Rd 6, Pk 194 (NO)"
D.J. Jones,Denver Broncos,#93,Defensive Tackle,1/19/1995 (28),Ole Miss,"2017: Rd 6, Pk 198 (SF)"
Tyler Lancaster,Denver Broncos,#96,Defensive Tackle,11/4/1994 (28),Northwestern,Not Available
PJ Mustipher,Denver Broncos,#97,Defensive Tackle,11/10/1999 (23),Penn State,Not Available
Haggai Ndubuisi,Denver Broncos,#64,Defensive Tackle,10/15/2000 (23),Not Available,Not Available
Mike Purcell,Denver Broncos,#98,Defensive Tackle,4/20/1991 (32),Wyoming,Not Available
Nik Bonitto,Denver Broncos,#42,Linebacker,9/26/1999 (24),Oklahoma,"2022: Rd 2, Pk 64 (DEN)"
Baron Browning,Denver Broncos,#56,Linebacker,2/19/1999 (24),Ohio State,"2021: Rd 3, Pk 105 (DEN)"
Jonathon Cooper,Denver Broncos,#0,Linebacker,1/8/1998 (25),Ohio State,"2021: Rd 7, Pk 239 (DEN)"
Jonas Griffith,Denver Broncos,#50,Linebacker,1/27/1997 (26),Indiana St,Not Available
Marcus Haynes,Denver Broncos,#52,Linebacker,4/7/1998 (25),Old Dominion,Not Available
Thomas Incoom,Denver Broncos,#59,Linebacker,2/19/1999 (24),C Michigan,Not Available
Josey Jewell,Denver Broncos,#47,Linebacker,12/25/1994 (28),Iowa,"2018: Rd 4, Pk 106 (DEN)"
Ben Niemann,Denver Broncos,#57,Linebacker,7/27/1995 (28),Iowa,Not Available
Drew Sanders,Denver Broncos,#41,Linebacker,12/31/2001 (21),Arkansas,"2023: Rd 3, Pk 67 (DEN)"
Alex Singleton,Denver Broncos,#49,Linebacker,12/7/1993 (29),Montana State,Not Available
Justin Strnad,Denver Broncos,#40,Linebacker,8/21/1996 (27),Wake Forest,"2020: Rd 5, Pk 178 (DEN)"
Art Green,Denver Broncos,#28,Cornerback,4/29/2000 (23),Houston,Not Available
Damarri Mathis,Denver Broncos,#27,Cornerback,4/12/1999 (24),Pitt,"2022: Rd 4, Pk 115 (DEN)"
Ja'Quan McMillian,Denver Broncos,#29,Cornerback,6/4/2000 (23),East Carolina,Not Available
Fabian Moreau,Denver Broncos,#23,Cornerback,4/9/1994 (29),UCLA,"2017: Rd 3, Pk 81 (WSH)"
Riley Moss,Denver Broncos,#37,Cornerback,3/3/2000 (23),Iowa,"2023: Rd 3, Pk 83 (DEN)"
Tremon Smith,Denver Broncos,#1,Cornerback,7/20/1996 (27),Cent Arkansas,"2018: Rd 6, Pk 196 (KC)"
Pat Surtain II,Denver Broncos,#2,Cornerback,4/14/2000 (23),Alabama,"2021: Rd 1, Pk 9 (DEN)"
K'Waun Williams,Denver Broncos,#8,Cornerback,7/12/1991 (32),Pitt,Not Available
Kareem Jackson,Denver Broncos,#22,Safety,4/10/1988 (35),Alabama,"2010: Rd 1, Pk 20 (HOU)"
Devon Key,Denver Broncos,#26,Safety,10/28/1997 (25),Western KY,Not Available
P.J. Locke,Denver Broncos,#6,Safety,2/12/1997 (26),Texas,Not Available
Justin Simmons,Denver Broncos,#31,Safety,11/19/1993 (29),Boston College,"2016: Rd 3, Pk 98 (DEN)"
JL Skinner,Denver Broncos,#34,Safety,4/16/2001 (22),Boise St,"2023: Rd 6, Pk 183 (DEN)"
Caden Sterns,Denver Broncos,#30,Safety,11/2/1999 (23),Texas,"2021: Rd 5, Pk 152 (DEN)"
Delarrin Turner-Yell,Denver Broncos,#32,Safety,12/16/1999 (23),Oklahoma,"2022: Rd 5, Pk 152 (DEN)"
Wil Lutz,Denver Broncos,#16,Place Kicker,7/7/1994 (29),Georgia State,Not Available
Riley Dixon,Denver Broncos,#9,Punter,8/24/1993 (30),Syracuse,"2016: Rd 7, Pk 228 (DEN)"
Mitchell Fraboni,Denver Broncos,#48,Long Snapper,10/28/1996 (26),Arizona State,Not Available
